category_name,trending_records,unique_videos,avg_views,avg_likes,avg_comments,avg_engagement
Entertainment,14764,7564,902627.9836765104,22231.749525873747,2403.5764697913846,1.7930638615319068
News & Politics,4709,2507,352214.5270758123,2856.1269908685495,538.3365895094499,1.011867171172381
Music,3292,1216,2532352.431652491,64721.54404617254,4422.264580801944,2.7705220104799384
Comedy,2967,1117,816813.6124031008,49351.26356589147,3896.4236602628916,5.9075010617096595
People & Blogs,2367,1234,484249.05576679343,8400.185466835657,985.1892691170258,1.8423168655886903
Film & Animation,1463,523,2237282.928229665,39501.50580997949,3311.0457963089543,2.1405879963630805
Education,1166,799,113483.90651801029,5869.638936535163,750.4090909090909,5.97537732154334
Howto & Style,801,480,842028.493133583,9047.575530586766,865.7515605493134,1.7443111069675648
Sports,646,348,1846151.2910216718,44077.12848297213,3632.544891640867,1.523496856735522
Science & Technology,517,302,842803.7852998066,35050.477756286266,14662.448742746616,10.427921704242008
Shows,149,122,664966.134228188,3673.3154362416108,523.0805369127517,0.730012573667383
Nonprofits & Activism,103,69,62847.59223300971,2093.73786407767,124.69902912621359,3.4836745133187352
Autos & Vehicles,69,34,383178.3188405797,7085.753623188406,1253.4492753623188,2.5285307725809614
Gaming,55,21,3606368.8181818184,92729.61818181818,8833.818181818182,4.293810475612707
Movies,10,2,3191953.0,40975.0,2296.2,1.7354992836496799
Travel & Events,8,4,171792.75,2117.375,306.0,1.7897199262416905
Pets & Animals,3,2,1626581.0,120844.66666666667,14018.666666666666,6.013392544921647
