trending_date,trending_records,unique_videos,total_views,avg_views,avg_likes,avg_engagement
2017-11-14,200,198,156925939,784629.695,21427.755,1.9493088143744755
2017-11-15,200,199,181630109,908150.545,23067.745,2.2065900974724273
2017-11-16,200,198,153104025,765520.125,14998.53,2.2735682481018564
2017-11-17,200,200,114034530,570172.65,11219.08,2.2110897376794947
2017-11-18,200,197,105291667,526458.335,11635.42,2.353147630003703
2017-11-19,200,199,115818437,579092.185,13856.16,2.3337649972435814
2017-11-20,198,198,120906446,610638.6161616162,13228.873737373737,2.1157699328145156
2017-11-21,175,171,127635271,729344.4057142857,14955.48,2.2719992131987268
2017-11-22,118,113,144778846,1226939.372881356,22803.728813559323,2.0845459376500584
2017-11-23,187,184,156746121,838214.550802139,16931.497326203207,2.3689742266895
2017-11-24,200,195,136671521,683357.605,14379.26,2.195656993433212
2017-11-25,200,197,163505496,817527.48,17842.98,2.152419786561783
2017-11-26,191,190,185691006,972204.219895288,20607.748691099478,2.2959743975110958
2017-11-27,189,187,155753257,824091.3068783069,17239.835978835978,2.188109360478901
2017-11-28,186,185,124579314,669781.2580645161,16835.40322580645,2.306214210477603
2017-11-29,180,180,130541192,725228.8444444444,17044.133333333335,2.031904388770139
2017-11-30,185,184,124970268,675514.9621621622,19384.97837837838,1.8479878765208606
2017-12-01,200,196,161187884,805939.42,22696.7,2.0042550201194707
2017-12-02,183,182,175536941,959218.2568306011,26316.803278688523,2.1180027220053934
2017-12-03,184,184,200534240,1089860.0,29687.46195652174,2.168448654707626
2017-12-04,184,183,175848265,955697.0923913043,26982.380434782608,2.0051096992646835
2017-12-05,196,196,204135274,1041506.5,29152.244897959183,1.9882837434292728
2017-12-06,192,188,189488208,986917.75,24744.4375,1.785872728765665
2017-12-07,170,167,216089698,1271115.8705882353,35258.15882352941,1.9614948908394692
2017-12-08,168,167,142157857,846177.7202380953,27297.60119047619,2.3958747316046898
2017-12-09,186,185,190087254,1021974.4838709678,30844.983870967742,2.58144562527803
2017-12-10,190,190,233025575,1226450.394736842,33404.88421052632,2.9415161289590306
2017-12-11,187,186,269064626,1438848.2673796793,36014.545454545456,2.6773877226628686
2017-12-12,200,200,291338134,1456690.67,37857.015,2.156452846090041
2017-12-13,200,200,167547639,837738.195,19317.045,2.0101501976816296
2017-12-14,196,195,183438016,935908.2448979592,19701.918367346938,1.9570888359165406
2017-12-15,198,197,123860883,625560.0151515151,12773.550505050505,2.1347959897070363
2017-12-16,200,195,142708100,713540.5,18258.74,2.380185914747536
2017-12-17,199,197,177401941,891467.0402010051,24443.618090452263,2.8263628004133965
2017-12-18,200,199,192501452,962507.26,25731.7,2.717092458026713
2017-12-19,177,176,194959248,1101464.6779661018,28423.29943502825,2.3843904011073933
2017-12-20,152,152,175082282,1151857.1184210526,26792.29605263158,2.235756901464173
2017-12-21,200,197,148104530,740522.65,18183.57,2.3094095894224957
2017-12-22,200,198,167532967,837664.835,20032.955,2.2269872395966015
2017-12-23,200,199,152876592,764382.96,19392.38,2.4992733480217963
2017-12-24,197,197,171711153,871630.2182741116,21399.8730964467,2.598464613998809
2017-12-25,182,182,160051070,879401.4835164836,22051.483516483517,2.354452127816529
2017-12-26,183,183,141116792,771130.0109289618,16130.071038251366,2.0835994154771864
2017-12-27,163,163,116716523,716052.2883435583,16445.840490797545,2.4049220214722538
2017-12-28,168,168,131605536,783366.2857142857,19062.17261904762,2.119097533344681
2017-12-29,165,165,133138402,806899.406060606,22648.206060606062,2.380098011656577
2017-12-30,187,187,149580167,799893.9411764706,21881.486631016043,2.699321396861153
2017-12-31,196,196,152808227,779633.8112244898,24096.214285714286,2.881860482398404
2018-01-01,194,193,170939426,881131.0618556701,27190.44845360825,2.830443638817791
2018-01-02,188,187,181552660,965705.6382978724,26457.80319148936,2.502825331868628
2018-01-03,192,192,144014157,750073.734375,19838.401041666668,1.87798205664652
2018-01-04,186,185,153530348,825431.9784946237,17139.645161290322,1.8027370883724114
2018-01-05,179,179,122567836,684736.5139664805,14905.206703910615,2.011879581267433
2018-01-06,170,169,107371149,631594.9941176471,13629.20588235294,2.2149113452277502
2018-01-07,193,191,102105611,529044.6165803109,12271.80310880829,2.628700389195875
2018-01-08,189,187,114641307,606567.7619047619,13708.16402116402,2.4012916487930163
2018-01-09,169,164,116737573,690754.8698224853,17774.248520710058,2.312931700241393
2018-01-12,200,199,136131852,680659.26,18374.725,2.5402743809442274
2018-01-13,200,199,148809853,744049.265,23895.595,2.4347001834100017
2018-01-14,200,199,159778584,798892.92,27768.21,2.6446748479389144
2018-01-15,196,194,171989789,877498.9234693878,29944.336734693876,2.53585591716546
2018-01-16,182,179,144166484,792123.5384615385,25488.456043956045,2.573502650409606
2018-01-17,188,186,149674296,796139.8723404255,22983.787234042553,2.1217849331854035
2018-01-18,178,178,153089023,860050.6910112359,24147.022471910113,2.13362186459882
2018-01-19,179,178,113438832,633736.4916201117,14155.329608938548,2.2132335426107543
2018-01-20,200,200,104511650,522558.25,13945.825,2.6207737784368526
2018-01-21,200,199,130870012,654350.06,15749.64,2.411948360221568
2018-01-22,200,200,154123537,770617.685,17036.44,2.4807297841908693
2018-01-23,200,200,129174839,645874.195,12896.32,1.9968293079109432
2018-01-24,200,198,141419192,707095.96,18828.645,2.1876290621484795
2018-01-25,200,196,134556061,672780.305,20220.34,2.108405009289178
2018-01-26,191,187,150722131,789121.1047120419,25025.21989528796,2.469265686448574
2018-01-27,191,187,132140039,691832.6649214659,20309.96335078534,2.781769800466997
2018-01-28,177,176,126597773,715241.6553672317,22342.57627118644,2.621131952086328
2018-01-29,169,168,136905625,810092.4556213018,23013.863905325445,2.383203060060277
2018-01-30,166,164,121126214,729675.9879518072,20728.102409638555,2.2302088220795495
2018-01-31,141,136,154141894,1093204.9219858155,28076.297872340427,2.0748293438182963
2018-02-01,116,112,135891520,1171478.6206896552,25535.0,2.0043117887155613
2018-02-02,125,123,134204487,1073635.896,32117.224,2.1216605083067397
2018-02-03,154,152,92156399,598418.1753246753,15989.22077922078,2.5348297277988423
2018-02-04,171,170,101322388,592528.5847953217,16907.602339181285,2.188749006459752
2018-02-05,169,168,109289953,646686.1124260355,17635.479289940828,2.1682669862230077
2018-02-06,164,164,166814078,1017159.012195122,23508.475609756097,2.0555634192318317
2018-02-07,131,125,177467590,1354714.427480916,33678.51908396946,2.323216889079416
2018-02-08,149,144,165980217,1113961.187919463,23753.174496644297,2.029657935976499
2018-02-09,170,168,212092946,1247605.5647058825,25431.941176470587,2.22579165038333
2018-02-10,176,175,208317219,1183620.5625,25780.24431818182,2.8610669441848966
2018-02-11,181,181,201493992,1113226.4751381215,22397.2817679558,2.5373278229694716
2018-02-12,177,177,147230543,831810.9774011299,18818.762711864405,2.4166792826038885
2018-02-13,183,183,133007478,726816.8196721311,15010.830601092895,2.3861118012371763
2018-02-14,173,172,135910243,785608.3410404624,22406.485549132947,3.0288020129394155
2018-02-15,180,180,179911039,999505.7722222222,28870.383333333335,3.0257767927422248
2018-02-16,171,171,170885753,999331.8888888889,29782.362573099414,2.889502255954683
2018-02-17,181,180,164825633,910638.8563535912,23429.42541436464,2.5333285697647665
2018-02-18,179,176,184855516,1032712.3798882682,23939.35754189944,2.2213143022211828
2018-02-19,167,165,173738811,1040352.1616766467,23344.47904191617,2.12471191424996
2018-02-20,172,169,158821330,923379.8255813953,19321.622093023256,2.213763270235572
2018-02-21,163,162,121903040,747871.4110429448,18940.723926380368,2.0557981814110473
2018-02-22,164,160,136981947,835255.7743902439,22157.768292682926,2.000637903012857
2018-02-23,165,163,149086576,903555.0060606061,22722.80606060606,2.5219202246211827
2018-02-24,168,167,161136495,959145.8035714285,25482.488095238095,2.8500020963042014
2018-02-25,162,162,116710632,720436.0,19995.993827160495,2.509056399476406
2018-02-26,164,163,157390841,959700.25,21716.225609756097,2.0192054754482354
2018-02-27,137,134,150176020,1096175.3284671532,19645.532846715327,1.8910199566159283
2018-02-28,124,121,137055853,1105289.1370967743,15092.887096774193,1.5772931165696629
2018-03-01,115,110,106351407,924794.8434782609,12704.304347826086,1.5887693674971215
2018-03-02,120,117,129295590,1077463.25,17959.4,1.9574933673241863
2018-03-03,152,145,172511795,1134946.019736842,22780.11842105263,2.215387416776264
2018-03-04,152,149,158451711,1042445.4671052631,20392.190789473683,2.1230134842316972
2018-03-05,158,153,140799936,891138.835443038,18277.645569620254,2.3344428569335727
2018-03-06,164,159,162152204,988732.9512195121,23780.298780487807,2.3339314174518733
2018-03-07,155,153,160203794,1033572.864516129,24618.61935483871,2.273948866790984
2018-03-08,161,160,180877620,1123463.4782608696,25891.57763975155,2.4156493183880814
2018-03-09,184,184,181031177,983865.0923913043,22637.934782608696,2.3026024765443633
2018-03-10,174,172,170946739,982452.5229885058,22003.011494252874,2.091522799494414
2018-03-11,172,168,173602023,1009314.0872093023,22352.267441860466,2.321104444508412
2018-03-12,175,173,180572306,1031841.7485714286,20598.937142857143,2.216630589572875
2018-03-13,174,173,201057948,1155505.448275862,26032.879310344826,2.0328059249310777
2018-03-14,174,173,236732175,1360529.7413793104,28565.66091954023,1.8344843463873557
2018-03-15,58,57,124156203,2140624.1896551726,49226.31034482759,1.7142126485761744
2018-03-16,166,166,168621418,1015791.6746987952,26912.777108433736,2.143315584147593
2018-03-17,155,149,217267426,1401725.3290322581,50441.03870967742,2.7437796205464138
2018-03-18,153,148,205685750,1344351.3071895426,46171.84967320262,2.3674798060264832
2018-03-19,146,144,160078855,1096430.51369863,34109.65753424657,2.6599977445064575
2018-03-20,151,144,195628552,1295553.3245033112,34775.69536423841,2.7970396823421613
2018-03-21,155,155,171338202,1105407.7548387097,26062.36129032258,2.372575027372305
2018-03-22,150,145,198627084,1324180.56,29630.47333333333,2.4998597373279337
2018-03-23,171,171,165093389,965458.4152046783,16534.052631578947,2.253513408135626
2018-03-24,166,166,166993418,1005984.4457831326,17408.01204819277,2.437007941632742
2018-03-25,156,156,124415541,797535.5192307692,14978.929487179486,2.431770246924164
2018-03-26,152,152,139592252,918370.0789473684,19273.46052631579,2.3574453965588558
2018-03-27,150,139,127794989,851966.5933333334,24353.16,2.3873824411832265
2018-03-28,129,116,157314511,1219492.3333333333,41135.06201550388,2.6970619705241354
2018-03-29,154,144,185903903,1207168.2012987013,36567.93506493507,2.2983989931139948
2018-03-30,143,135,177023320,1237925.3146853147,36084.79720279721,2.5740692909157326
2018-03-31,150,144,153685295,1024568.6333333333,30303.053333333333,2.4496038724975246
2018-04-01,145,136,145372305,1002567.6206896552,31491.71724137931,2.5172133761740185
2018-04-02,158,155,129169242,817526.8481012658,22163.664556962027,2.721209630343999
2018-04-03,145,135,113612208,783532.4689655172,23229.737931034484,2.7976458077869966
2018-04-04,143,137,118660267,829792.0769230769,23002.167832167834,2.6159353584446294
2018-04-05,137,129,119894865,875145.0,23319.277372262775,2.26418415745575
2018-04-06,148,135,149024406,1006921.6621621621,25645.0,2.3095524394160902
2018-04-07,144,135,128598772,893047.0277777778,18395.98611111111,2.2997946884026628
2018-04-14,151,139,230096897,1523820.5099337748,57844.258278145695,3.042342851026866
2018-04-15,157,147,250023914,1592509.0063694268,56384.28662420382,2.72772741736674
2018-04-16,136,130,210804499,1550033.080882353,52682.71323529412,2.3648008049296947
2018-04-17,136,132,192954908,1418786.0882352942,45481.03676470588,2.24754238486281
2018-04-18,147,140,196895651,1339426.1972789115,33540.52380952381,1.9723719909164084
2018-04-19,137,130,169621017,1238109.6131386862,28043.569343065694,2.2431184252502194
2018-04-20,134,130,128909384,962010.328358209,24135.83582089552,2.5525595085118056
2018-04-21,147,140,155121901,1055251.0272108843,24409.95238095238,2.676664316090184
2018-04-22,149,138,174059915,1168187.3489932886,35878.469798657716,3.353026507923599
2018-04-23,151,145,180304466,1194069.311258278,37181.99337748344,3.3351830687511352
2018-04-24,150,137,152622326,1017482.1733333333,36180.36,3.8997296277475586
2018-04-25,151,143,217320002,1439205.311258278,48949.90728476821,3.248264732343394
2018-04-26,133,127,204483653,1537471.07518797,50676.77443609023,2.9789252987608084
2018-04-27,144,139,244224248,1696001.7222222222,47342.95138888889,2.7936080437216533
2018-04-28,161,145,290369399,1803536.6397515528,51425.88198757764,2.81375191092443
2018-04-29,145,136,297405205,2051070.3793103448,56032.63448275862,2.570556105689651
2018-04-30,138,133,281254324,2038074.8115942029,52997.217391304344,2.5151702509458365
2018-05-01,137,128,281010410,2051170.8759124088,55468.58394160584,2.9979823418750513
2018-05-02,133,124,229198417,1723296.3684210526,44072.240601503756,2.582853178550998
2018-05-03,134,125,230195642,1717877.9253731344,39877.253731343284,2.481407662643425
2018-05-04,138,133,150270024,1088913.2173913044,28703.514492753624,2.7317820169646105
2018-05-05,156,150,162052620,1038798.8461538461,26082.858974358973,2.7019742270925207
2018-05-06,145,142,148637691,1025087.5241379311,24173.262068965516,2.5033824093373163
2018-05-07,145,140,171909808,1185584.8827586207,24433.17931034483,2.602370449719181
2018-05-08,148,141,143596880,970249.1891891892,23703.10135135135,2.9575114399247293
2018-05-09,144,136,142700285,990974.2013888889,24586.777777777777,2.5330353084749735
2018-05-10,134,129,126140794,941349.2089552239,20929.111940298506,2.2878455526692676
2018-05-11,134,132,120752418,901137.4477611941,20571.66417910448,2.4237766534334932
2018-05-12,145,140,136289414,939926.9931034483,24416.834482758622,2.7585752564982307
2018-05-13,134,134,135694171,1012643.067164179,24631.276119402984,2.535003439352493
2018-05-14,51,49,23859880,467840.7843137255,10620.686274509804,2.6014308821368455
2018-05-15,96,93,97540188,1016043.625,15026.104166666666,2.199845998646414
2018-05-16,106,103,90162085,850585.7075471698,15806.22641509434,2.33016121542367
2018-05-17,131,130,137581697,1050241.9618320612,18788.022900763357,2.285770720934716
2018-05-18,139,136,151423484,1089377.582733813,22571.661870503598,2.7120425543652513
2018-05-19,123,122,165302360,1343921.6260162601,25676.747967479674,2.4152867099625057
2018-05-20,124,124,183376402,1478841.9516129033,29270.274193548386,2.262904072380322
2018-05-21,128,125,146000139,1140626.0859375,24384.265625,3.0764780421749633
2018-05-22,136,134,150416736,1106005.4117647058,27270.970588235294,3.138960928938215
2018-05-23,141,139,185377309,1314732.6879432625,32548.978723404256,3.31508705359845
2018-05-24,129,127,144195898,1117797.6589147288,29938.131782945737,2.939155746306581
2018-05-25,144,138,128032679,889115.8263888889,25456.833333333332,2.796938484877954
2018-05-26,128,126,132653278,1036353.734375,25099.25,2.660404712636347
2018-05-27,132,130,132678437,1005139.6742424242,24368.333333333332,2.642491661371133
2018-05-28,126,125,126440242,1003493.9841269841,26698.928571428572,2.943638536331453
2018-05-29,127,125,101037124,795567.905511811,18313.700787401576,2.7116313046002065
2018-05-30,133,131,105428038,792692.015037594,17306.669172932332,2.7924952256854265
2018-05-31,136,132,122765605,902688.2720588235,25478.227941176472,2.9274215338984813
2018-06-01,127,123,125197386,985806.188976378,24130.771653543306,2.6214558498367193
2018-06-02,138,138,128491844,931100.3188405797,25658.579710144928,3.47995495295593
2018-06-03,135,131,186464782,1381220.6074074074,39113.69629629629,3.586891068445788
2018-06-04,133,132,158288034,1190135.5939849624,35713.54135338346,3.216973087558327
2018-06-05,135,129,212808461,1576358.9703703704,41466.496296296296,2.7727942536758317
2018-06-06,127,125,213519236,1681253.8267716535,54615.96850393701,3.1353987650808848
2018-06-07,125,121,237190837,1897526.696,59735.576,2.9654030626520043
2018-06-08,135,133,208906823,1547457.9481481481,52518.496296296296,3.3639419076510904
2018-06-09,150,145,226057308,1507048.72,46629.60666666667,3.1254060721154
2018-06-10,135,131,220105076,1630407.9703703704,39742.362962962965,2.879123809752755
2018-06-11,134,130,198072149,1478150.365671642,38560.76865671642,3.121299365239452
2018-06-12,123,122,194350750,1580087.3983739838,38877.88617886179,2.9193528281856524
2018-06-13,122,119,178370536,1462053.5737704919,37630.639344262294,3.3905847625178436
2018-06-14,125,121,181518309,1452146.472,40089.392,3.4611227315822184
